id,company_name
1,IBM
2,Tata Consultancy Services
3,Impact Analytics
4,Accenture
5,Infosys
6,Capgemini
7,Cognizant Technology Solutions
8,Anheuser-Busch InBev
9,Fractal
10,Embibe
11,Amazon
12,Google
13,Flipkart
14,HP Inc.
15,Wipro
16,Ericsson-Worldwide
17,MiQ
18,Deloitte
19,Microsoft
20,Genpact
21,Fresher
22,Société Générale
23,Flutura
24,Fuzzy Logix
25,DXC Technology
26,Jio
27,Honeywell
28,Affine
29,Philips
30,Bharat Light & Power
31,Antuit
32,Nielsen
33,[24]7.ai
34,Fidelity Investments
35,Myntra
36,First Student
37,Oracle
38,Ola
39,Walmart Global Tech
40,Tredence
41,Intel Corporation
42,Mercedes-Benz Research and Development India
43,SAP
44,Wipro Technologies
45,Thoucentric
46,Walmart
47,Brillio
48,Great Learning
49,Gramener
50,HCL Technologies
51,Happiest Minds Technologies
52,Hewlett Packard Enterprise | HPE
53,Noodle.ai
54,Cisco Systems
55,INSOFE
56,Optum
57,Adobe
58,ABB
59,EY
60,Swiggy
61,Subex
62,iNeuron
63,ZS Associates
64,Robert Bosch India
65,Scienaptic Systems
66,FlyNava Technologies
67,Nokia
68,UnitedHealth Group
69,Sigmoid Analytics
70,Idexcel
71,Citi
72,GE Healthcare
73,SigTuple
74,Dell Technologies
75,iNeuron
76,Ericsson IT Solutions & Services
77,Aptus Data Labs
78,UniQreate
79,LinkedIn
80,Apexon
81,Shadowfax Technologies
82,Bharti Airtel
83,Applied Materials
84,FICO
85,YouPlus
86,Mphasis
87,Target
88,Gojek
89,Blueocean Market Intelligence
90,CRED
91,Rolls-Royce
92,Curl Analytics
93,J.P. Morgan
94,Knowledge Lens
95,IBM
96,ascena
97,QuantZig
98,Baker Hughes
99,Everlytics
100,Siemens
101,ANZ Bank
102,Lowe's Home Improvement
103,Nones
104,Bristlecone
105,Altimetrik
106,Head Digital Works
107,Artivatic Data Labs
108,HDFC Standard Life Insurance
109,AntWorks
110,American Express
111,ITC Infotech
112,Aidetic
113,NeenOpal
114,Knowledge Foundry
115,Mindtree
116,Nones
117,TVS Motor Company
118,XYZ
119,ShieldSquare
120,Tech Data
121,Publicis Sapient
122,Hinduja Global Solutions
123,GE Digital
124,GlobusSoft
125,MakeMyTrip
126,Artificial Learning Systems
127,Dailyhunt
128,Draup
129,SwitchOn
130,PwC
131,Innodatatics
132,Robert Bosch
133,Two Roads Tech
134,ExxonMobil
135,Bidgely
136,IQVIA
137,ShareChat
138,Course5 Intelligence
139,MAERSK
140,Caterpillar
141,Bepec Solutions
142,NetApp
143,Exposys Data Labs
144,Spoonshot
145,InMobi
146,Swiss Re
147,TheMathCompany
148,Shell
149,Flip Robo
150,HCL
151,upGrad
152,Legato Health Technologies
153,Terra Economics and Analytics Lab
154,HDFC Bank
155,Halodoc
156,Analytical Wizards
157,PayPal
158,GE
159,Manthan
160,Visa Inc.
161,Tech Mahindra
162,Data Semantics
163,GE Aviation
164,Landmark Group
165,Neustar
166,Axis Bank
167,Comviva
168,iQuanti
169,Mercedes-Benz International
170,Zoom Video Communications
171,Money View
172,nference
173,KrazyBee
174,Applied Materials
175,Mavenir
176,Molecular Connections
177,Yodlee
178,NovelSynth Soft Solutions
179,Locus
180,IVYTEL Technologies
181,Sumyag
182,Wabtec
183,VMware
184,Wipro Digital
185,Zycus
186,Tyson Foods
187,OceanFrogs
188,Lenovo
189,Tata
190,Simplilearn Solutions
191,Dun & Bradstreet
192,AlmaBetter
193,CreditNirvana
194,DONE by NONE
195,Accentue
196,SymphonyAI
197,First Student
198,Datamatics Global Services
199,Razorpay
200,NTT Ltd.
201,mfine
202,Marlabs
203,Optum Global Solutions
204,Reckonsys
205,Apisero
206,Aruba Networks
207,Intellicar
208,ORMAE
209,CROPIN TECHNOLOGY SOLUTIONS
210,Belong
211,Mobile Premier League
212,Smiths Detection
213,Shubh Loans
214,TCS
215,Fresher
216,Aditya Birla Group
217,Morgan Stanley
218,Publicis Sapient
219,DataVal Analytics
220,Thomson Reuters
221,Numerify
222,Kabbage
223,Loyalytics Consulting
224,Monsanto Company
225,FOKAL
226,Sutherland
227,Hypersonix (CA)
228,Boeing
229,Utopus Insights
230,Apple
231,GetupForChange Services
232,MIQ Logistics
233,Zendrive
234,Honeywell
235,Paytm
236,Unilever
237,Conduent
238,3K Technologies
239,DONE by NONE
240,Netenrich Inc.
241,Majorel
242,Polynomial.Ai
243,HARMAN
244,Mbb Labs
245,Analytics Vidhya
246,KPMG
247,Inference Labs
248,Cartesian Consulting
249,ZedEye Labs
250,McAfee
251,Zinnov Management Consulting
252,Microsoft
253,Simpl
254,Unisys
255,Shaw Academy
256,Rakuten
257,Blue Yonder
258,SalesKen
259,Danske IT and Support Services
260,Samsung Electronics
261,Sonata Software
262,Merck KGaA
263,GE
264,InViz AI Solutions
265,Sumyag
266,Samsung R&D Institute India - Bangalore
267,Quess
268,QuEST Global
269,Ong & Shan
270,PayU
271,Encora
272,Tata Consultancy Services
273,Accenture
274,Walmart eCommerce
275,Nivetti Systems
276,Prescience
277,Thoughtworks
278,Prognos Health
279,TECH I.S
280,Virtusa
281,Zeta Suite
282,Halliburton
283,Apar Technologies
284,DataMites
285,Cerner
286,Juniper Networks
287,Idexcel
288,L&T Technology Services
289,Tiger Analytics
290,Capital One
291,Zeotap
292,Bright Money
293,Hakkasan Group
294,Thoucentric
295,SelfEmployed.com
296,The Smart Cube
297,Standard Chartered Global Business Services
298,Ambee (India)
299,Intuit
300,Diageo
301,Robosoft Technologies
302,Perpule
303,WyzMindz
304,Tavant
305,Nabler Web Solutions
306,Mahindra
307,noon
308,Biocon
309,Snipe Tech Pvt Ltd.
310,dAlchemy
311,Hewlett-Packard
312,WayCool Foods & Products
313,Ithink Technologies
314,The Goddard School
315,Volvo Group
316,Freshers.com
317,Exalca Technologies
318,Shenzyn
319,Happay
320,Panasonic
321,Spottabl
322,NightLight Pediatric Urgent Care
323,Ankit R Jain & Associates
324,subodh singh
325,Trinity Mobility
326,CronLabs Solutions
327,SOTI
328,CoRover
329,iOPEX Technologies
330,Alfonso & Associates Consulting
331,iQuanti
332,EdgeVerve Systems
333,Cimpress
334,Affle
335,Qualcomm
336,Monty Telecom Development
337,Philips Lighting
338,ABC
339,Vervenest
340,Avail Finance
341,YDI Solutions
342,AIEnterprise
343,GE Power
344,GLOBALFOUNDRIES
345,Applied Data Finance
346,Ramus Musik
347,Trendwise Analytics
348,Anonymous
349,DocOn Technologies
350,HackerEarth
351,Quadrant 4 Systems
352,MARS WEB Solution
353,Verizon
354,LivNSense
355,Inflexion Analytics
356,Arcadix
357,Algebra Software Analytics
358,Vedantu
359,Automation Anywhere
360,yellow.ai
361,IBM Interactive Experience
362,TEKsystems
363,Acalvio
364,Nucleus Software Exports
365,Genesis Group Software Developers
366,PokerStars
367,XYZ
368,The Self Employed Association
369,AJIO
370,---
371,Bounce
372,Goldman Sachs
373,Algo8.ai
374,Saisree Engineers
375,Xenon Automotive
376,Wipro
377,ALTEN
378,Diverse Lynx
379,Hyperthink Systems
380,TBM Technologies Pvt
381,Red Hat
382,Adobe
383,Altimetrik
384,Informatica
385,Falabella
386,Toastmasters International
387,KYC Hub
388,National Institute of Technology Karnataka
389,Texas Instruments
390,Blackstraw
391,G2
392,EdGe Networks
393,Ultramatics
394,MResult Services
395,Vumonic Technologies
396,Dexler Information Solutions
397,SenSight Technologies
398,Fractal Systems
399,Grofers
400,Utopia
401,Simple Lecture
402,Yes Bank
403,Yes Bank
404,TAG Solutions
405,Tesla
406,UnitedHealth Group
407,Bestintown Analytics
408,Salim Group
409,BRIDGEi2i
410,Defence Research & Development Organisation
411,dataZen Engineering
412,UnitedHealthCare
413,SelotSoft
414,T-Mobile
415,ICICI Bank
416,CROPIN TECHNOLOGY SOLUTIONS
417,Stayzilla
418,BITS Pilani
419,Hashworks
420,Noodle.ai
421,Citicorp Services India
422,Persistent Networks
423,Atkins
424,Techstar Consulting
425,Nhai
426,The Data Team
427,Decision Minds
428,SeedOlabs
429,Symphony Teleca
430,Artigiani
431,PSG College of Technology
432,Opia Labs
433,Midcoast Regional Redevelopment Authority
434,Datamatics Global Services
435,Customer Centria
436,Raju Tech
437,Adecco
438,Rplus Analytics
439,ExperienceFlow
440,Kubric
441,Praktice Ai
442,BitLogic Software
443,Yottaasys
444,Nxtra Data
445,Instamojo
446,TheMathCompany
447,IQLECT
448,The Teaching Company
449,qwerty12
450,Institute of Engineering & Management
451,National Centre for Biological Sciences
452,Vsoft
453,Symbiosis Institute of Computer Studies and Research
454,TheMathCompany
455,Alackrity Consols
456,Neudesic
457,Ravid & Associates
458,Flip Robo
459,DONE by NONE
460,KPMG
461,SPS Commerce
462,Mad Street Den Systems
463,CENTURYLINK
464,Educational Initiatives
465,RS Software
466,Happiest Minds Technologies
467,Hdfc
468,HDFC Standard Life
469,Fresher
470,AgEye Technologies
471,Ivanti
472,Digital Trainee
473,Datafoundry
474,Enterprise Bot
475,Navriti Technologies
476,ABCDEF
477,Artefact
478,Toptal
479,Altisource
480,XYX (UK)
481,Atlassian
482,SunEdison
483,Fellowship.AI
484,Sonasoft
485,Manthan Studio
486,INEOS
487,Trell
488,Equifax
489,Fresherworld.com
490,Maybank
491,[24]7.ai
492,Data Sutram
493,Tableau Software
494,ABC Consultants
495,Abbott
496,Innoviti
497,QUILT.AI
498,Firstsource Solutions
499,dhiOmics Analytics Solutions
500,Genpact
501,Crediwatch
502,Inspirisys Solutions Limited
503,Maybank
504,Infosys
505,Saman Mohit
506,KibbCom
507,Proven Consult
508,Fragma Data Systems
509,Bounce
510,360DigiTMG
511,Litmus World
512,GyanSys
513,Goldman Sachs
514,Boston Consulting Group
515,NaviRisk Consulting
516,GoodWorkLabs Services
517,Tech Systems
518,LendingKart
519,BioXcel Corporation
520,SellerApp
521,SAP
522,K-Arogia Advisory Services
523,Group IMD
524,AAP
525,Lumen
526,Autodesk
527,St. John’s Research Institute
528,Sravathi Advance Process Technologies
529,Shssns
530,CSS Corporation
531,Pegasystems
532,Flutura
533,Tata Elxsi
534,Gainsight
535,Credit Saison India
536,Sourav Besra
537,HDFC ERGO Health Insurance
538,Voice Data Solutions
539,AXA GO Business Operations
540,CSC
541,Ugam
542,BigHaat
543,SKF
544,Rubixe
545,Silicon Valley Bank
546,NNT Corp.
547,Congregation Brit Shalom
548,Prometheus Group
549,Aashish sharma
550,LinkedIn
551,Datalicious
552,Quinbay
553,Bajaj Finance
554,VINAYA KUMAR
555,Real Time Signals
556,Zealeers Technologies
557,Alliance Data
558,Lava International
559,Impact Analytics
560,NetApp
561,Anheuser-Busch InBev
562,Siemens
563,Microland
564,Rubixe
565,Piramal Enterprises
566,Synopsys
567,Kukun enterprise
568,Sahaj Software Solutions
569,AnalytixLabs
570,SM NetServ Technologies
571,Colt Technology Services
572,Walmart Global Tech
573,Global Talent Pool
574,Société Générale
575,R.S. Agarwal & Associates
576,Digité
577,HWI
578,Corvi LED Light
579,Naveen Engineering
580,NCBS
581,Coursera
582,Rubicon Red
583,Arjun Kappor
584,Brisk Technologies
585,MiQ
586,Eat Local Eat Natural
587,Nityo Infotech
588,Analysts
589,Attra
590,Zopper
591,Innodatatics
592,myGate
593,Jaitra
594,SLK Group
595,CAP FORCE
596,Darashaw Consultants
597,Tapzo
598,Synopsys
599,Kapil IT Solutions
600,LatentView Analytics
601,Ocwen Financial
602,K & K Technical Group
603,Cornerstone OnDemand
604,American Language Communication Center
605,TerraBlue XT
606,Kabbage
607,GetMyUni
608,Nones
609,EMPLOYERS
610,Pluto7
611,shruti pateriya
612,Infinite Computer Solutions
613,TVM Infotech
614,Impact Analytics
615,Crytonix Solutions
616,Motorola Solutions
617,TCS e-Serve International
618,Admit.me
619,Envestnet
620,ExcelR
621,Digité
622,REACH Technologies
623,Enquero
624,KPMG
625,CrowdANALYTIX
626,The Alacer Group
627,Yodlee
628,The General
629,Cerulean Information Technology
630,Srijan Technologies
631,Google
632,Rajat Minerals
633,Sanjay Ghodawat Group of Institutions
634,TeamLease Staffing Solutions
635,Jarvis Technology & Strategy Consulting
636,TELiBrahma
637,IDK
638,HTC Global Services
639,BizViz Technologies
640,CAPA - Centre for Aviation
641,CoffeeBeans Consulting
642,Neewee
643,Aegis
644,RDA Labs
645,iNurture Education Solutions
646,IBM
647,GE
648,Nagendran & Co
649,Avian Acquisition
650,NIT Jalandhar
651,Indecomm Global Services
652,Scalein
653,Ritwik IT Services
654,DBS Bank
655,Wells Fargo
656,Fiverr Inc.
657,BuddhiMed Technologies
658,Infosys
659,Wizely
660,Nestaway Technologies
661,Mate Labs
662,Artis signature
663,Sprinklr
664,Niama-Riesser
665,Edyoo Technologies
666,CareerNet Consulting
667,OTO Capital
668,OkCredit
669,Rapido
670,Ninestars Information Technologies
671,ORMAE
672,Amar Singh Chawal Wala
673,D2K Technologies India
674,W.O. Insurance Brokers
675,Indian Institute of Science
676,Apra Labs
677,Clairvolex
678,Amazon
679,EagleView
680,Samsung India Electronics
681,Syhg
682,NIIT
683,Navigare
684,Insight Data Science
685,Self
686,Datalogic
687,XYZ
688,GlobalData
689,KhataBook
690,Meta
691,Invendis Technologies India
692,Johnson Controls
693,Toyota North America
694,Yotta Systems
695,AIndra Labs
696,Neha Bhakat
697,IDC (International Data Corporation)
698,Batlivala & Karani Securities
699,& Other Stories
700,Play Games24x7
701,Sportz Village Schools
702,CoRover
703,Fresherworld.com
704,Abhinav Immigration Services Pvt. Ltd.
705,Tekion
706,Dollar Loan Center
707,Lincode
708,Sigmoid Analytics
709,Blah
710,Genpact
711,Musubi Management
712,Searce
713,First Student
714,CSIR-NGRI
715,Schneider Electric
716,Smarter BIZ Technologies
717,INSUD PHARMA
718,Routematic
719,Multi Recruit
720,kanth
721,Simplify360
722,ZestMoney
723,Cisco Systems
724,Himani
725,redBus India
726,qplum
727,Rajat Basak
728,Kyndryl
729,Analytical Wizards
730,YGroup Companies
731,Virtual Employee
732,Suhana Shabnam
733,Elasto Tech Industries
734,Anonymous
735,Saksoft
736,Neviton
737,High Peak Software
738,Fiscalia General de Justicia del Estado de Mexico
739,Megha Engineering and Infrastructure
740,Zebra Technologies
741,na
742,JoulestoWatts Business Solutions
743,NoBroker
744,Airbus
745,Jupiter Money
746,Unified Healthcare Group
747,DataScientest
748,upGrad
749,Inceptua
750,Kinara Capital
751,Hudl
752,Chemdiqas R & D
753,Freelance
754,Tricog Health Services
755,Everyday Health Group
756,Other
757,Defence Research & Development Organisation
758,Raja Software Labs
759,Precifab Technologies
760,RockYou
761,JBT Corporation
762,Nucsoft
763,Flip Robo
764,Dacasa Financeira
765,Kaplan
766,Speridian Technologies
767,Evarcity
768,Danske IT and Support Services
769,Unemployed Professors
770,DataScientest
771,Target
772,down to up
773,lnterplast
774,Lucidity Consulting Group
775,Furlenco
776,MagicBricks
777,Exdion
778,Happay
779,Automation Engineering
780,Government Engineering College
781,Eigenlytics
782,Sears
783,AdWyze
784,Apptio
785,Accurence
786,EXL Service
787,i4u Labs
788,Amara Raja
789,IntelliPredikt Technologies
790,iFuture Robotics
791,pion.ai
792,tabdbjsdo
793,Blackhawk Network
794,Allianz
795,BT
796,Infosys BPM
797,Dun & Bradstreet
798,Zolo
799,HSBC Electronic Data Processing India
800,First Student
801,Inventeron Technologies And Business Solutions
802,qbeats
803,Symphony RetailAI
804,College Internship Program
805,Goo-Goo Express Wash
806,Careerera
807,Novozymes
808,NeenOpal
809,neha gupta
810,Sling Media
811,Futureware Technologies
812,Fortraiz Infosec
813,Confidential
814,Freelancer
815,Maruti Suzuki
816,Maharshi
817,HSBC
818,CommerceIQ
819,Wipro
820,Soroco
821,StoneX
822,Pluralsight
823,Indian Statistical Institute
824,Samsung Research America
825,Sabre
826,Im a fresher stop asking me
827,Tesco Bengaluru
828,Big Data Science Research
829,Collabera
830,Gear up
831,Allegion
832,M-SIX Technology
833,Evalueserve
834,Orbinet Technologies
835,InnovatorsBay
836,Epsilon
837,Sravathi AI Technology
838,Reliance Industries
839,GrayMatter Software Services
840,Elpis IT Solutions
841,Prodotti Poliplastici
842,Sigmoid Analytics
843,Acies
844,Silfra Technologies
845,MiQ
846,Enquero
847,CommerceIQ
848,Safeducate Institute of Learning
849,Unbxd
850,Hotify
851,HT Media
852,Optimum Info Systems
853,Shiv Nadar University
854,Tata Health
855,Okay.com
856,Deccan Infosystems
857,AXA
858,HyperWorks Imaging
859,DataWeave
860,Patrick
861,PlayShifu
862,Other
863,Exponentia DataLabs
864,Mindtree
865,Artigiani Technologies
866,Jindal Aluminium
867,GE
868,Netradyne
869,Credit Suisse
870,Freelancer
871,Commonwealth Bank of Australia
872,Cepheid
873,Talent Zone Consultants
874,Starcom Information Technology
875,Pexitics
876,Not Applicable
877,Equinor
878,Datascribe Technologies
879,Evive
880,IBM
881,Akaike Technologies
882,Jupiter Money
883,Tenzai
884,Grab
885,Pratilipi
886,PK
887,Shashank Medi Pharma
888,Skandiabanken
889,Rashi Information Services
890,NielsenIQ
891,Practo Technologies
892,Analytics India Magazine
893,Couture AI
894,Capital One
895,Mate Labs
896,Cognizant Technology Solutions
897,Litifer
898,vitrana
899,o9 Solutions
900,L Brands
901,Nuartin Labs
902,Freshworks
903,Gradatim
904,Latitude Fintech
905,D&B Technologies
906,LTI
907,BankBazaar
908,Rapido
909,GCC services
910,Dayananda Sagar College of Engineering
911,IceCream Labs
912,Google
913,First American Financial Corporation
914,Pivosys Technologies
915,Vmoksha Technologies
916,AMCORE Financial
917,HiLabs
918,Fiserv
919,Swetapadma Das
920,Cognizant
921,Darshan Soft-Tech
922,Ziafa Technologies
923,Webi7
924,Prakshep
925,IIT Madras
926,Deutsche Bank
927,Giftiicon
928,Synechron
929,Postman
930,American Express
931,Zoomcar
932,AmberTAG Analytics
933,Cisco Systems
934,Tempworks Services
935,ABC Tech
936,VIT Infotech
937,Allstate India
938,Integra Micro Software Services (P)
939,MoneyTap
940,Siemens Healthineers
941,Almug
942,Refinitiv
943,Ragle
944,Tata Consultancy Services
945,eTeam
946,Skit
947,Vois (India)
948,Cyient
949,Saankhya Labs
950,Losch Engineering
951,CAET Project Management Consultants
952,AMPROVIT TECHNOLOGIES
953,Centelon
954,BCA
955,Danske Bank
956,Lam Research
957,Kiwi labs
958,BidMath
959,Siemens Healthineers
960,Kashish Corporation
961,Mu Sigma
962,IITS
963,Professional Data Analysts
964,CognitiveWorks
965,Metteyya Analytics
966,Innominds Software
967,Signify
968,XYZ (Turkey)
969,Trident Information Systems
970,Arvind Internet
971,Sunrise Senior Living
972,VJTI
973,VE Commercial Vehicles
974,Dozee
975,Levi Strauss
976,Tech Mahindra
977,AscentHR Services
978,OnlyGroup Healthcare
979,Snap
980,DataScience.com
981,WNS
982,Schlumberger
983,Atos-Syntel
984,Forec Software Solutions
985,Tata Consultancy Services
986,Innoplexus
987,IBM
988,AlgoAnalytics Financial Consultancy
989,ZS Associates
990,Wolters Kluwer
991,Cognizant Technology Solutions
992,Accenture
993,Wipro
994,Zensar Technologies
995,Bajaj Finance
996,SG Analytics
997,ThinkBumblebee Analytics
998,Michelin
999,Tech Mahindra
1000,Schlumberger
1001,Merkle
1002,Infosys
1003,Capgemini
1004,LTI
1005,First Student
1006,Vodafone
1007,Eaton
1008,T-Systems
1009,Coupa Software Inc
1010,Aera Technology
1011,ABC
1012,Amdocs
1013,Atos-Syntel
1014,Barclays
1015,KPIT Technologies
1016,Credit Suisse
1017,Saama Technologies
1018,Exela Technologies
1019,Abzooba
1020,Linsyssoft Technologies
1021,HCL Technologies
1022,Fresher
1023,Axis Bank
1024,Freelancer
1025,Citi
1026,ADP
1027,Birlasoft
1028,John Deere
1029,Xoriant
1030,GS Lab
1031,Searce
1032,Globant
1033,e-Zest Solutions
1034,Datametica
1035,Vyom Labs
1036,Vishwakarma Institute of Technology
1037,Knorex
1038,CanWill Technologies
1039,ThinkBridge
1040,Coditation Systems
1041,MindBowser Info Solutions
1042,Climate Connect
1043,Tech9
1044,Eagle TK Infotech
1045,Fusion Practices
1046,Xeco
1047,DeepTek Medical Imaging
1048,vElement
1049,Asquared IoT
1050,HiLabs (MD)
1051,Jash Data Sciences
1052,HiLabs
1053,Tata Consultancy Services
1054,Tata Consultancy Services
1055,Amazon
1056,Amazon
1057,Genpact
1058,Fresher
1059,DXC Technology
1060,KPMG
1061,ABC
1062,Larsen & Toubro
1063,Concentrix
1064,Google
1065,Honeywell
1066,Persistent Systems
1067,DONE by NONE
1068,DONE by NONE
1069,DONE by NONE
1070,WNS
1071,Siemens
1072,Nones
1073,ITC Infotech
1074,Mahindra
1075,Kotak Mahindra
1076,eClerx
1077,BNY Mellon
1078,Zomato
1079,Hinduja Global Solutions
1080,Other
1081,Thoughtworks
1082,Fractal
1083,TietoEVRY
1084,Yash Technologies
1085,CitiusTech
1086,Unacademy
1087,UBS
1088,Netcracker Technology
1089,Cummins
1090,Capgemini Invent
1091,Siemens Digital Industries Software
1092,Johnson Controls
1093,Johnson Controls
1094,Dassault Systemes
1095,Ugam
1096,Schlumberger
1097,Apple
1098,MetLife
1099,Red Hat
1100,STL - Sterlite Technologies Limited
1101,Visteon
1102,PhonePe
1103,C-DAC
1104,Nothing Something
1105,Attra
1106,NICE
1107,Sokrati
1108,Pitney Bowes
1109,AXA
1110,FirstCry com
1111,Maxgen Technologies
1112,TCS e-Serve International
1113,Internshala
1114,Michelin
1115,Saama Technologies
1116,Micron Technology
1117,BlueConch Technologies
1118,FIGmd
1119,Volkswagen
1120,TomTom
1121,Datametica
1122,FreshersLive
1123,Innoplexus
1124,Dream11
1125,Sandvik
1126,SS Supply Chain Solutions
1127,Cognizant Softvision
1128,University of Pune
1129,Goodwill
1130,Goodwill
1131,IVL Global
1132,Coupa Software Inc
1133,Verificient Technologies
1134,Clairvoyant
1135,The Fresh Market
1136,Tata Research Development and Design Centre
1137,Medline Industries
1138,Amphisoft Technologies
1139,Pratham
1140,Evolent Health
1141,Presidency University (Bangalore)
1142,Smartek21
1143,Google Cloud
1144,ABC do ABC
1145,Apar Technologies
1146,Professional Data Analysts
1147,Bajaj Finserv Health
1148,PharmaACE
1149,advids.co
1150,Xcaliber Infotech
1151,MIT World Peace University
1152,iNeuron
1153,vPhrase
1154,AAKASH
1155,Ascentrik Research Services
1156,EarlySalary.com
1157,Motifworks
1158,Helpshift
1159,ROHIT KUMAR MODI
1160,ThinkBumblebee Analytics
1161,Globex Digital Solutions
1162,ThinkBumblebee Analytics
1163,Innodatatics
1164,Innodatatics
1165,Viajes
1166,OnlineSales.ai
1167,Comscore
1168,Ellicium Solutions Private Limited
1169,RAKESH GROUP
1170,Yagna iQ
1171,Tops Office Pros Business Services
1172,Apptware
1173,Savitribai Phule Pune University
1174,Seventh Contact Hiring Solutions
1175,CoreView Systems
1176,Peak
1177,Nitish Verma
1178,The City Bank
1179,Cloud Counselage
1180,Gibots
1181,SCORG Technologies
1182,GeoSpoc
1183,Infodeal
1184,BancTec
1185,American Student Assistance
1186,Ajeenkya DY Patil University
1187,Raghavendra Rathore Jodhpur
1188,Aventior
1189,Navidium
1190,Open Insights
1191,Pantech Solutions
1192,Express Analytics
1193,Optra Health
1194,WebShar
1195,Kudos Finance and Investments
1196,Oasis HR Corporate Solutions
1197,Tribes.AI
1198,Argus System
1199,IFS India Mercantile
1200,DasDas
1201,Pisyst
1202,Comsense Technologies
1203,Entrepreneurs' Organization
1204,Pivotchain Solutions
1205,ManCorp Innovation Labs
1206,Neo Media World
1207,Samyak Software
1208,Robertshaw
1209,JarvisSoft Technology
1210,EC Infosolutions
1211,FogHorn Systems
1212,NutaNXT Technologies
1213,Speed TechServe
1214,IMDb
1215,QiO Technologies
1216,Expert Freelancer Inc.
1217,Arya Solution
1218,Strattek Consulting
1219,GoDutch Marketing
1220,TorcAI
1221,Srivenk Soft Solutions
1222,Automaton AI
1223,Shogini Technoarts
1224,GOLDFINCH
1225,Amobee
1226,Global AI
1227,Elie Tahari
1228,Aktana
1229,Go Digital
1230,Meals on Wheels America
1231,Kool Smiles
1232,Algoritmo (Singapore)
1233,Klugheit Software
1234,GoKhana
1235,Prophecy Labs
1236,Airavaat Car Rentals
1237,Brahman bhetun
1238,Aniket Sonawane
1239,URS Technologies Solutions
1240,Hritik
1241,EventStreet
1242,Kushim
1243,Flipper Code
1244,We Are Novella
1245,IEEE Student Branch VIT Pune
1246,Kp techobriks
1247,akhil sajeev
1248,VisionNLP
1249,Reckon Data Solutions
1250,PSL (India)
1251,Accretive Wiz@work Consultants
1252,Innoplexus Associate
1253,ZS Associates
1254,ZS Associates
1255,ZS Associates Senior
1256,Coriolis Technologies
1257,Schlumberger
1258,Wolters Kluwer
1259,Innoplexus
1260,EarlySalary.com
1261,Express Analytics
1262,Tata Consultancy Services
1263,Wipro Technologies
1264,Barclays
1265,Bajaj Finance
1266,Wolters Kluwer
1267,Icertis
1268,Abzooba
1269,Aera Technology
1270,AlgoAnalytics Financial Consultancy
1271,SG Analytics
1272,Maxgen Technologies
1273,Infosys
1274,Wipro
1275,ZS Associates
1276,Abzooba
1277,Schlumberger
1278,Tata Consultancy Services
1279,Nones Data Science
1280,Nones Data Science
1281,Mahindra
1282,KPIT Technologies
1283,BNY Mellon
1284,Fiserv
1285,Tata Technologies
1286,Bajaj Finance
1287,JLL
1288,Eaton
1289,HT Media
1290,Maxgen Technologies
1291,Faurecia
1292,JCB
1293,Manipal University
1294,Merkle
1295,Datametica
1296,The Sparks Foundation
1297,Subway
1298,Aera Technology
1299,iNeuron
1300,Fresh Gravity
1301,Apptware
1302,Ecozen Solutions
1303,Furtados School of Music
1304,Sciffer Analytics
1305,Aventior
1306,Solytics Partners
1307,DemandMatrix
1308,Insight Data Science
1309,Symbiosis Institute of Technology
1310,Comsense Technologies
1311,Technogeeks
1312,Unscrambl
1313,Zaynax
1314,Brainwave Consulting
1315,Senquire Analytics
1316,Tata Consultancy Services
1317,Accenture
1318,Wipro Technologies
1319,NTT DATA
1320,Vodafone
1321,Zensar Technologies
1322,Credit Suisse
1323,Thoughtworks
1324,UBS
1325,Anonymous
1326,TVS Motor Company
1327,Red Hat
1328,Bajaj Allianz General Insurance Co
1329,SG Analytics
1330,Pitney Bowes
1331,Xento Systems
1332,Quick Heal
1333,Kohler
1334,XPO Logistics
1335,GE Capital
1336,Coupa Software Inc
1337,USEReady
1338,vPhrase
1339,ThinkBumblebee Analytics
1340,Blackstraw
1341,Aegon
1342,Dexpert Systems
1343,Aligned Automation
1344,Acclivis Technologies
1345,AlgoAnalytics Pvt. Ltd.
1346,Tata Consultancy Services
1347,Infosys
1348,Fresher
1349,Fresher
1350,Fresherworld.com
1351,Freshers.com
1352,Emerson
1353,Datametica
1354,Abzooba
1355,GeoSpoc
1356,AppZen
1357,Innomatics Research Labs
1358,Pisyst
1359,Groots (India)
1360,Artificial Brix
1361,Ambrapali Electrotech
1362,Accenture
1363,ADP
1364,Zensar Technologies
1365,BNY Mellon
1366,Microsoft
1367,Cyient
1368,Tata Consultancy Services
1369,Infosys
1370,Amazon
1371,Innominds Software
1372,IBM
1373,Tech Mahindra
1374,Quadratic Insights
1375,Jotter
1376,Cognizant Technology Solutions
1377,Jio
1378,Verizon
1379,Optum
1380,Accenture
1381,Deloitte
1382,First Student
1383,Novartis
1384,Karvy Group
1385,Wipro
1386,Oracle
1387,HighRadius
1388,Micron Technology
1389,INSOFE
1390,Google
1391,Blue Yonder
1392,Yash Technologies
1393,DataScientest
1394,Claim Genius
1395,Capgemini
1396,Genpact
1397,Fresher
1398,Fresher
1399,ICICI Bank
1400,DXC Technology
1401,Dell Technologies
1402,Microsoft
1403,Wipro Technologies
1404,Tata Consultancy Services (North America)
1405,Google
1406,NTT DATA
1407,Jio
1408,ADP
1409,Sutherland
1410,MetLife
1411,Franklin Templeton Investments
1412,Enquero
1413,Brane Enterprises (nslhub)
1414,AlgonoX Technologies
1415,Voziq
1416,HCL Technologies
1417,First Student
1418,Virtusa
1419,Persistent Systems
1420,UnitedHealth Group
1421,Freshers.com
1422,Legato Health Technologies
1423,Dr. Reddy's
1424,DBS Bank
1425,Broadridge
1426,Optum Global Solutions
1427,Great Learning
1428,National Payments Corporation of India
1429,Excelra Knowledge Solutions
1430,WinWire Technologies
1431,CallHealth
1432,Gaian Solutions India
1433,eKincare
1434,Siva Solutions
1435,Innodatatics
1436,Innodatatics
1437,SpringML
1438,AppsTek
1439,Vertiv
1440,My Ally
1441,GoLorry
1442,Bepec Solutions
1443,KOGENTiX
1444,Prudent Technologies & Consulting
1445,App Orchid
1446,3LOQ Labs
1447,RisingRoot Technologies
1448,Artificial Penetration
1449,Wave Infosoft
1450,SetuServ
1451,DigiTele Networks
1452,Human Network
1453,diwo
1454,SysBasis Solutions
1455,Tata Consultancy Services
1456,Accenture
1457,Deloitte
1458,LTI
1459,First Student
1460,Mindtree
1461,ABC
1462,Reliance Industries
1463,Tata Consultancy Services (North America)
1464,Google
1465,Honeywell
1466,Mu Sigma
1467,HSBC
1468,Freelancer
1469,Freelancer
1470,CGI
1471,DONE by NONE
1472,American Express
1473,Nones
1474,ITC Infotech
1475,Hexaware Technologies
1476,Infosys BPM
1477,State Bank of India
1478,Sutherland
1479,EMPLOYERS
1480,Bank of America
1481,Cyient
1482,Fresherworld.com
1483,CRISIL
1484,S&P Global
1485,ValueLabs
1486,Kantar
1487,Uber
1488,Myntra
1489,ABCDEF
1490,Novartis
1491,Intellect Design Arena
1492,Government of India
1493,upGrad
1494,HSBC Software Development India
1495,Bharat Heavy Electricals
1496,Vodafone Idea
1497,Not Applicable
1498,Not Applicable
1499,Toppr.com
1500,CBRE
1501,Anonymous
1502,DBS Bank
1503,3i Infotech
1504,D. E. Shaw India
1505,Parexel
1506,Wipro Digital
1507,GlobalData
1508,Hexagon
1509,Ivy
1510,Defence Research & Development Organisation
1511,GS Lab
1512,Raja Software Labs
1513,Verzeo
1514,MathWorks
1515,ValueMomentum
1516,AGS Health
1517,Hitachi Consulting
1518,Karvy Group
1519,ACS Solutions
1520,Tata Consultancy Services
1521,Tiger Analytics
1522,Ericsson IT Solutions & Services
1523,Hitachi
1524,Cognizant
1525,SoCtronics
1526,Electronic Arts
1527,DuPont
1528,Micron Technology
1529,Don't Know
1530,ZF Group
1531,Merilytics
1532,College Board
1533,Indian School of Business
1534,GSPANN Technologies
1535,Gainsight
1536,Optum Global Solutions India
1537,Phenom
1538,Ameex
1539,XYZ Pvt LTD
1540,Evoke Technologies
1541,Molecular Connections
1542,Arcadis
1543,The Sparks Foundation
1544,Shree Cement
1545,Bharat Financial Inclusion
1546,Tech Data
1547,IVL Global
1548,Gramener
1549,Gramener
1550,Magnaquest
1551,MOURI Tech
1552,Anuj
1553,Jigsaw Academy
1554,Unifytech
1555,Kroll
1556,Industryarc
1557,Karvy Data Management Services (India)
1558,Zen3 Info Solutions
1559,Techolution
1560,Techolution
1561,Qwerty Concepts
1562,Gi Group
1563,Object Technology Solutions India
1564,Tata Consultancy Services
1565,IBM
1566,Accenture
1567,Ericsson-Worldwide
1568,UnitedHealth Group
1569,Delhivery
1570,ZS Associates
1571,EXL Service
1572,Optum
1573,dunnhumby
1574,Nagarro
1575,Optum Global Solutions
1576,Valiance Solutions
1577,OYO
1578,Cognizant Technology Solutions
1579,Amazon
1580,Innovaccer
1581,Fresher
1582,VMock
1583,HCL Technologies
1584,Genpact
1585,CARS24.com
1586,Vidooly Media Tech
1587,Algo8.ai
1588,ParallelDots
1589,Tech Mahindra
1590,ABC
1591,Bharti Airtel
1592,Times Internet
1593,R Systems
1594,Lumiq (India)
1595,Algoscale
1596,Deloitte
1597,First Student
1598,Publicis Sapient
1599,Gartner
1600,Sprinklr
1601,Naukri.com
1602,Great Learning
1603,Guavus
1604,Octro
1605,Analytics Vidhya
1606,Humonics
1607,Tata Consultancy Services
1608,Infosys
1609,Accenture
1610,Capgemini
1611,Concentrix
1612,Tata Consultancy Services (North America)
1613,Google
1614,WNS
1615,American Express
1616,Paytm
1617,Zomato
1618,Fractal
1619,Boston Consulting Group
1620,Virtual Employee
1621,LiquidHub
1622,Optum Global Solutions India
1623,Unified Healthcare Group
1624,Decision Point
1625,Elucidata (MA)
1626,Inshorts
1627,EasyRewardz
1628,Milkbasket
1629,Exzeo
1630,Blackcoffer
1631,Tatras Data
1632,Monsoon (India)
1633,Wipro
1634,LTI
1635,Microsoft
1636,Wipro Technologies
1637,Larsen & Toubro
1638,Google
1639,Google
1640,DONE by NONE
1641,DONE by NONE
1642,OYO
1643,Adobe
1644,Coforge
1645,S&P Global
1646,Snapdeal
1647,IHS Markit
1648,Nielsen
1649,McKinsey & Company
1650,MakeMyTrip
1651,PolicyBazaar
1652,Mastercard
1653,XYZ Tech
1654,Amity University
1655,MetLife
1656,Incedo
1657,Aptara
1658,Yatra Online Pvt Ltd
1659,Xebia
1660,Pitney Bowes
1661,Housing.com
1662,McKinsey Knowledge Center
1663,CarDekho
1664,Ericsson IT Solutions & Services
1665,OLX Group
1666,1mg
1667,Denave
1668,RateGain
1669,The Sparks Foundation
1670,Decimal Technologies
1671,Verisk Analytics
1672,Birdeye
1673,Tokopedia
1674,Elucidata (MA)
1675,RxLogix Corporation
1676,Atlan
1677,Ganit
1678,Analytics Vidhya
1679,Loginworks
1680,Innefu Labs Pvt
1681,ABSAS Solutions
1682,Ezappsolution
1683,Netomi
1684,Cargoflash Infotech
1685,Blackcoffer
1686,Cube26
1687,AppyHigh Technology
1688,Flip Robo
1689,TurningCloud Solutions
1690,Child Health Imprints
1691,Blue Sky Analytics
1692,FarmGuide
1693,Kvantum
1694,Precily
1695,Innovative Business Solutions
1696,Scry Analytics
1697,Innowatts
1698,SimplifyVMS
1699,Akaike Technologies
1700,Infosys
1701,Capgemini
1702,IBM
1703,Tech Mahindra
1704,ICICI Bank
1705,DXC Technology
1706,KPMG
1707,Microsoft
1708,J.P. Morgan
1709,ABC
1710,ABC
1711,Wipro Technologies
1712,Reliance Industries
1713,Capgemini Engineering
1714,Teleperformance
1715,Honeywell
1716,Mu Sigma
1717,NTT DATA
1718,Freelancer
1719,SAP
1720,Nokia
1721,Barclays
1722,WNS
1723,Siemens
1724,Zoho
1725,Nones
1726,Samsung Electronics
1727,EMPLOYERS
1728,Yes Bank
1729,Bank of America
1730,Maruti Suzuki
1731,Cyient
1732,TCS
1733,TCS
1734,Birlasoft
1735,Sopra Steria
1736,Self Opportunity
1737,Evalueserve
1738,Optum
1739,Collabera
1740,CSS Corporation
1741,Thoughtworks
1742,ABCDEF
1743,Fractal
1744,HighRadius
1745,Intellect Design Arena
1746,Infogain
1747,Government of India
1748,Amadeus
1749,Info Edge
1750,Delhivery
1751,CitiusTech
1752,Aon
1753,Comviva
1754,Bharat Heavy Electricals
1755,Ashok Leyland
1756,Vodafone Idea
1757,iEnergizer
1758,Mastercard
1759,Fractal
1760,Tata Consultancy Services
1761,Accenture
1762,Capgemini
1763,Jio
1764,Reliance Industries
1765,Housing.com
1766,Quantiphi
1767,Axis Bank
1768,LTI
1769,HDFC Bank
1770,Vodafone Idea
1771,CASHe
1772,Infosys
1773,Cognizant Technology Solutions
1774,Deloitte
1775,First Student
1776,CitiusTech
1777,RBL Bank
1778,ZEE5
1779,Mahindra Integrated Business Solutions
1780,DataScientest
1781,Pentation Analytics
1782,NDS InfoServ
1783,Arya.ai
1784,Wipro
1785,Amazon
1786,IBM
1787,PwC
1788,Google
1789,Atos-Syntel
1790,Siemens
1791,Mahindra
1792,eClerx
1793,HERE Technologies
1794,HDFC Standard Life Insurance
1795,Morningstar
1796,L&T Financial Services
1797,Piramal Enterprises
1798,Piramal Enterprises
1799,Episource
1800,XPO Logistics
1801,Loylty Rewardz Mngt
1802,Karza Technologies
1803,Prudential plc
1804,Dure Technologies
1805,Tata Consultancy Services
1806,Tech Mahindra
1807,EY
1808,Fresher
1809,ICICI Bank
1810,Microsoft
1811,ABC
1812,Kotak Mahindra
1813,Freshworks
1814,NVIDIA
1815,HERE Technologies
1816,Fractal
1817,MAERSK
1818,Tata AIG General Insurance
1819,General Mills
1820,Motilal Oswal Securities
1821,Hdfc
1822,Tata Group
1823,PharmEasy
1824,Decimal Point Analytics
1825,People Group
1826,MiQ
1827,UPL
1828,Lead School (India)
1829,LogiNext Solutions
1830,Bewakoof Brands
1831,Meru Mobility Tech
1832,Kissht
1833,Radhakrishna Foodland
1834,Tableau Software
1835,FlexiLoans Technologies
1836,Square Panda
1837,Think Analytics
1838,Locobuzz
1839,SMEcorner
1840,Quantsapp
1841,HDFC Developers
1842,Javis
1843,Cuddle
1844,Arohi Operations
1845,Accenture
1846,IBM
1847,IBM
1848,HCL Technologies
1849,Oracle
1850,BYJU'S
1851,LTI
1852,Mindtree
1853,Microsoft
1854,J.P. Morgan
1855,J.P. Morgan
1856,Cisco Systems
1857,ABC
1858,Reliance Industries
1859,Google
1860,Capgemini Engineering
1861,Flipkart
1862,Mu Sigma
1863,Virtusa
1864,Robert Bosch India
1865,DONE by NONE
1866,DONE by NONE
1867,L&T Technology Services
1868,WNS
1869,Bharti Airtel
1870,Nones
1871,Tata Motors
1872,Intel Corporation
1873,State Bank of India
1874,Mahindra
1875,Vodafone
1876,Zensar Technologies
1877,EMPLOYERS
1878,Yes Bank
1879,Morgan Stanley
1880,Morgan Stanley
1881,TCS
1882,Self Opportunity
1883,Swiggy
1884,CRISIL
1885,Synechron
1886,Mercedes-Benz Research and Development India
1887,IndusInd Bank
1888,XYZ
1889,Intellect Design Arena
1890,Nielsen
1891,upGrad
1892,Unacademy
1893,MakeMyTrip
1894,Datamatics Global Services
1895,Bharat Petroleum
1896,Toppr.com
1897,Quantiphi
1898,Aegis
1899,Edelweiss Financial Services
1900,Zycus
1901,Nomura Holdings
1902,Indian Institute of Technology Bombay
1903,Lido
1904,ICICI Lombard General Insurance Company Limited
1905,Fresher Zones
1906,Nestlé
1907,TIBCO Software
1908,Tata
1909,Johnson & Johnson
1910,Directi
1911,Bristlecone
1912,Procter & Gamble
1913,Angel One
1914,Angel One
1915,MSCI
1916,MSCI
1917,Clover Infotech
1918,IIT Kharagpur
1919,Moody's Analytics
1920,General Motors (GM)
1921,SS&C
1922,Great Learning
1923,Adani Group
1924,BDO
1925,Refinitiv
1926,PayU
1927,Oracle Financial Group
1928,Maxgen Technologies
1929,Maxgen Technologies
1930,Tata Capital
1931,Publicis Groupe
1932,Accion Labs
1933,Mondelēz International
1934,infrasoft technologies
1935,Zee Entertainment Enterprises Ltd.
1936,Colgate-Palmolive
1937,NielsenIQ
1938,HDFC Ergo
1939,Hotstar
1940,Course5 Intelligence
1941,Viacom 18
1942,Faurecia
1943,Hudl
1944,Star TV Network
1945,Worley
1946,Sanofi
1947,Yes Marketing
1948,People Group
1949,Rebel Foods (Formerly Faasos)
1950,Rahul Industries
1951,VINAYA KUMAR
1952,Visible Alpha
1953,Netcore Solutions
1954,Accenture
1955,Tata Consultancy Services
1956,Mu Sigma
1957,Amazon
1958,Myntra
1959,Capgemini
1960,Infosys
1961,IBM
1962,Flipkart
1963,TheMathCompany
1964,BRIDGEi2i
1965,Cognizant Technology Solutions
1966,EY
1967,Deloitte
1968,Tech Mahindra
1969,Wipro
1970,Concentrix
1971,Mindtree
1972,Ugam
1973,HSBC
1974,Indegene
1975,Fresher
1976,Dell Technologies
1977,IQVIA
1978,Oracle
1979,Shadowfax Technologies
1980,Epsilon
1981,Proziod
1982,Genpact
1983,BYJU'S
1984,Capital One
1985,Citi
1986,KPMG
1987,Target
1988,Flipkart
1989,ANZ Bank
1990,Goldman Sachs
1991,Rapido
1992,Vedantu
1993,Cerner
1994,udaan.com
1995,Mercedes-Benz Research and Development India
1996,Aptus Data Labs
1997,Shell
1998,KreditBee
1999,Schneider Electric
2000,ninjacart
2001,HARMAN
2002,Tredence
2003,Hewlett Packard Enterprise | HPE
2004,DXC Technology
2005,Cisco Systems
2006,E2open
2007,ExxonMobil
2008,Citicorp Services India
2009,Nones
2010,Google
2011,HSBC Electronic Data Processing India
2012,First Student
2013,TEKsystems
2014,JLL
2015,Pacecom Technologies
2016,Kabbage
2017,Sandcube Analytics
2018,Kantar Analytics Practice
2019,Annalect
2020,HP Inc.
2021,Data Gyan
2022,Fractal
2023,Wells Fargo
2024,Unacademy
2025,Lowe's Home Improvement
2026,CGI
2027,Nielsen
2028,Chainalytics
2029,Tekion
2030,McAfee
2031,Cuelearn
2032,Freshers.com
2033,Envestnet
2034,edureka!
2035,AIG
2036,Fragma Data Systems
2037,Tracxn
2038,Hinduja Global Solutions
2039,Honeywell
2040,Ericsson-Worldwide
2041,Tiger Analytics
2042,Walmart Global Tech
2043,Anheuser-Busch InBev
2044,XYZ
2045,Accentue
2046,Zyme Solutions
2047,Postman
2048,Professional
2049,Axis Bank
2050,HCL Technologies
2051,Tesco Bengaluru
2052,Nineleaps Technology Solutions
2053,Bidgely
2054,Accenture
2055,KrazyBee
2056,Course5 Intelligence
2057,Yodlee
2058,Fresher
2059,XYZ (Turkey)
2060,EMPLOYERS
2061,Apexon
2062,Rupeek
2063,Unilog Content Solutions
2064,Wipro Technologies
2065,Gallagher
2066,IHS Markit
2067,XYZ Tech
2068,Grofers
2069,Microsoft
2070,LatentView Analytics
2071,Sixth Energy Technologies
2072,Daily Ninja
2073,Data Gyan
2074,Sankhyana Consultancy Services
2075,EY
2076,ANZ Bank
2077,Coviam
2078,BlitzJobs
2079,Fidelity National Financial
2080,Affine
2081,Quotient
2082,Bharat Light & Power
2083,Central Test
2084,RentoMojo
2085,Counfreedise
2086,Empower Retirement
2087,Tata Consultancy Services (North America)
2088,Thomson Reuters
2089,TEKsystems
2090,Pramata
2091,Tata Consultancy Services
2092,Scripbox
2093,Fresher Than Fresh
2094,Total Infrastructure Management Solutions
2095,Swiggy
2096,Assembly
2097,PayPal
2098,BankBazaar
2099,Unbxd
2100,Rainman Consulting
2101,Quinbay
2102,ABC
2103,Izmo
2104,Karvy Computershare
2105,TCS
2106,SagasIT Analytics
2107,WNS
2108,Mahindra First Choice Wheels
2109,PwC
2110,Amazon
2111,dhiOmics Analytics Solutions
2112,Standard Chartered Bank
2113,Wells Fargo
2114,Diageo
2115,Happay
2116,PharmEasy
2117,BizViz Technologies
2118,Fidelity Investments
2119,Unilever
2120,Anonymous Content
2121,Mobile Premier League
2122,Noesys Software
2123,Symphony RetailAI
2124,Clarivate
2125,Reliance Industries
2126,NTT DATA
2127,Unilever
2128,Walmart
2129,Other
2130,Draup
2131,Target
2132,Ipsos
2133,Smart Desert
2134,J.P. Morgan
2135,Ola
2136,Shubh Loans
2137,HSBC
2138,Supermarket Grocery Supplies
2139,Manthan
2140,Yukthi Datasoft
2141,MH Alshaya
2142,Predictive Research
2143,TechnipFMC
2144,Tarah Technologies
2145,CapFront Technologies
2146,American Express
2147,Betterplace Safety Solutions
2148,Razorpay
2149,Datamatics Global Services
2150,WMall
2151,Sphera Solutions
2152,Enquero
2153,American Express Global Business Travel
2154,Tata Consultancy Services
2155,Infosys
2156,Cognizant Technology Solutions
2157,eClerx
2158,Verificient Technologies
2159,Capgemini
2160,Fresher
2161,Verificient Technologies
2162,Accenture
2163,Zensar Technologies
2164,ZS Associates
2165,Tech Mahindra
2166,Barclays
2167,Red Hat
2168,Citi
2169,Professional
2170,Resilinc
2171,Nones
2172,Eaton
2173,Saama Technologies
2174,BizKonnect Solutions
2175,FirstCry com
2176,Qualsquad
2177,TresVista
2178,Vodafone
2179,Amazon
2180,LTI
2181,Evolent Health
2182,Fiserv
2183,Amdocs
2184,UBS
2185,Dataction Analytics
2186,HARMAN
2187,Cybage Software
2188,Machintel
2189,iResearch Services
2190,First Student
2191,Bitwise
2192,SG Analytics
2193,Searce
2194,Yardi Systems
2195,Schlumberger
2196,Selling Simplified
2197,MAERSK
2198,Kantar
2199,Ecolab
2200,QuinStreet
2201,TSL Marketing
2202,Wipro
2203,Sokrati
2204,IDeaS - A SAS Company
2205,Credit Suisse
2206,Tata Communications
2207,Comscore
2208,IBM
2209,Mphasis
2210,SSP Technology
2211,159 Solutions
2212,Honeywell
2213,First Student
2214,vPhrase
2215,Atidiv
2216,Ubique Systems
2217,Exusia
2218,Tech Data
2219,Bajaj Allianz General Insurance Co
2220,Tata Technologies
2221,Valasys Media
2222,Cognizant Technology Solutions
2223,AppZen
2224,John Deere
2225,Deloitte
2226,GiantView
2227,HSBC Software Development India
2228,IQVIA
2229,Bajaj Finance
2230,BNY Mellon
2231,Coupa Software Inc
2232,Energy Exemplar
2233,Atos-Syntel
2234,XYZ (Turkey)
2235,Persistent Systems
2236,Gallagher
2237,SBT Research
2238,InfoCepts
2239,Landytech
2240,Multibrands International
2241,BNY Mellon
2242,KPIT Technologies
2243,Collabera
2244,Sakon
2245,Indiacom
2246,JetSynthesys
2247,Data Philics
2248,Friends Union for Energising Lives (Fuel)
2249,SS Supply Chain Solutions
2250,DONE by NONE
2251,NVIDIA
2252,AffinityX
2253,Entercoms
2254,BYJU'S
2255,First Student
2256,Knorex
2257,XYZ
2258,NA World Services
2259,Sokrati
2260,Rudder Analytics
2261,Emcure Pharmaceuticals
2262,MarketsandMarkets
2263,Graco
2264,TEJAS TECHNOLOGIES INC
2265,Águas Guariroba
2266,Microsoft
2267,Abhijeet Group
2268,Smartek21
2269,Kalitta Air
2270,Accenture
2271,NVIDIA
2272,Progressive Infovision
2273,Ample Softech System
2274,Ziff Davis LLC
2275,IIM Kozhikkode
2276,Perennial
2277,Irupar Sociedad Cooperativa
2278,md
2280,IBM
2281,TIAA
2282,Kisan Forum
2283,EBC
2284,Allstate
2285,GTT
2286,Strata Decision Technology
2287,Appberry
2288,Fran Biz
2289,Arya Risk Management Solutions
2290,Avalara
2291,Tiger Analytics
2292,D.A.T.A.
2293,Tecure Technology
2294,Itouch Infotronics
2295,DEUSTCHE
2296,TeamLease Staffing Solutions
2297,Mahira Engineering
2298,Mahendra’s Institute
2299,KreditBee
2300,Accenture
2301,DataVinci Analytics Agency
2302,Maestro Intellect
2303,Ugam
2304,Horizon Electric
2305,Cotiviti
2306,Global Market Insights
2307,Infort Technology
2308,MIT
2309,Kerlan-Jobe Orthopaedic Clinic
2310,Amadeus
2311,Mass Technologies
2312,PRGX Global
2313,PhotoMath (CA)
2314,Lalit Roongta Group
2315,Looking for Job
2316,MIT World Peace University
2317,Allianz
2318,We Are Job Seekers
2319,Prithvi Nath
2320,Cubictree Technology Solutions
2321,Magna Infotech
2322,CSS Corporation
2323,Endurance Technologies
2324,Johnson Controls
2325,Roverside
2326,ABC
2327,Diverse Lynx
2328,Xyster Consulting
2329,Vereigen Media
2330,ASD
2331,Michelin
2332,Kurrajong and District Hospital Society
2333,Yogesh and Jain
2334,WebDirekt
2335,Excelsior Research
2336,Sunanda Speciality Coatings
2337,Blue Planet Solutions
2338,Northern Alberta Institute of Technology
2339,GTL Limited
2340,S2W Media
2341,IDEA
2342,Coditas
2343,Tommy Hilfiger
2344,Cummins
2345,ADHOC Services
2346,GGS Engineering Services
2347,SG Analytics
2348,Zendesk
2349,Cosmos eSolutions & Services
2350,Innovatus Technologies
2351,Flash Electronics (India)
2352,Evolvus
2353,Diacto Technologies
2354,Tata Consultancy Services
2355,Deloitte
2356,Amazon
2357,Accenture
2358,Cognizant Technology Solutions
2359,Zen3 Info Solutions
2360,Tech Mahindra
2361,Infosys
2362,IBM
2363,Google
2364,CAMP Systems
2365,GlobalData
2366,Optum
2367,Capgemini
2368,GlobalLogic
2369,Microsoft
2370,Unifytech
2371,Kantar
2372,ICICI Bank
2373,Cyient
2374,Wipro
2375,ValueLabs
2376,Metrics4 Analytics
2377,UnitedHealth Group
2378,Saras Analytics
2379,Teleperformance
2380,Dynata
2381,Verizon
2382,Serco Group
2383,Quadrant Resource
2384,Zeta Global
2385,Zen3 Infosolutions
2386,Optum Global Solutions
2387,Dell Technologies
2388,ADP
2389,Oracle
2390,S&P Global
2391,Wells Fargo
2392,Uber
2393,Novartis
2394,Fresher
2395,DataBeat
2396,Salesforce
2397,PK
2398,Apex CoVantage
2399,MediaMint
2400,MetrixLab
2401,EMPLOYERS
2402,Genpact
2403,IMImobile
2404,Quantium
2405,HitWicket
2406,AIR Worldwide
2407,Indian Political Action Committee
2408,Indium Software
2409,Ivy
2410,NTT DATA
2411,IHS Markit
2412,First Student
2413,Trianz
2414,Tata Steel
2415,Exusia
2416,Cotiviti
2417,Realshoppee Retail
2418,ICE Data Services
2419,CDK Global
2420,Vodafone Idea
2421,[24]7.ai
2422,Intercontinental Exchange
2423,Jayar Manufacturing
2424,ReferenceGlobe
2425,DuPont Sustainable Solutions
2426,Technical Data Analysis
2427,Amazon
2428,Wenable Technologies
2429,Parexel
2430,HSBC
2431,Franklin Templeton Investments
2432,BYJU'S
2433,HCL
2434,Yes Bank
2435,Cogent Data Solutions
2436,Solugenix Corporation
2437,Minvesta
2438,Virtusa
2439,HCL Technologies
2440,Rajesh Motors
2441,SR Edu Solutions
2442,YES
2443,Freelancer
2444,DONE by NONE
2445,InsideView
2446,Next Education India
2447,First Student
2448,DBS Bank
2449,myPaisaa
2450,PrimEra Medical Technologies
2451,Strategic Alpha
2452,Hetero
2453,E-Prospects
2454,GigIndia
2455,Sun Microsystems
2456,Appen
2457,La casa one
2458,VotaryTech
2459,Dr. Reddy's
2460,Harish Hathiwala
2461,Jaffar Engineering Works
2462,Mindtree
2463,Amazon
2464,PokerStars
2465,Moonstone Infotech
2466,GOLDFINCH
2467,Ola
2468,Innominds Software
2469,Snycon Software Solutions
2470,E-rachit Technologies
2471,Orbit Technologies
2472,DataBeat
2473,Marten Transport
2474,Multiplier Solutions
2475,Novartis
2476,Vi
2477,Jai Raj Ispat
2478,STUDY Monitor Tech
2479,Goldman Sachs
2480,ABC
2481,Law In Order
2482,Object Technology Solutions India
2483,Lifetime Wellness Rx International Limited
2484,Informatica
2485,Byte Software Services
2486,Genpact
2487,EE Technologies
2488,Nisum
2489,ETG International
2490,Wipro Technologies
2491,Innodatatics
2492,Netflix
2493,Constant Contact
2494,ICICI Bank
2495,D&B Technologies
2496,Kritha Convertors
2497,ZettaMine Labs
2498,Nagamani Hospital
2499,GMR Hyderabad International Airport
2500,Idol Soft
2501,Crown Holdings
2502,Sankalp Group
2503,Enrich IBS
2504,DuPont
2505,Intelenet
2506,eHaat
2507,Vidal Healthcare
2508,Astegic
2509,Unify
2510,HSBC
2511,James Hardie
2512,Soul Of Anime Toystore
2513,Amazon Flex
2514,Thomson Reuters
2515,HighRadius
2516,TEKsystems
2517,Nassau Re
2518,OYO
2519,Petpal
2520,American Airlines
2521,exceedsoft
2522,Nexii IT Labs
2523,AnyTimeLoan.in
2524,Bourntec Solutions
2525,Fresher
2526,Jobminar
2527,Ardem
2528,Virtusa
2529,Ushta Te Consultancy Services LLP
2530,Tata Consultancy Services
2531,Berkadia
2532,Samsara
2533,Polaris FT
2534,Aria Tech IT Solutions
2535,Capgemini Invent
2536,Menukuri chakradhar reddy
2537,Idfy
2538,ABCDEF
2539,WNS
2540,Invergence Analytics
2541,Datasite
2542,PowerBI Consulting
2543,Cognizant Technology Solutions
2544,Saksham Innovations
2545,Indigen Technologies
2546,TeacherActive
2547,Fountane
2548,GlobalLogic
2549,Tata Consultancy Services
2550,Accenture
2551,HCL Technologies
2552,EXL Service
2553,Innovaccer
2554,The Smart Cube
2555,Axtria
2556,EY
2557,Optum
2558,Absolutdata
2559,American Express
2560,OYO
2561,IBM
2562,Ericsson-Worldwide
2563,Cognizant Technology Solutions
2564,Genpact
2565,Wipro
2566,Bharti Airtel
2567,Amazon
2568,Capgemini
2569,Paytm
2570,Tech Mahindra
2571,Fresher
2572,ZS Associates
2573,NTT DATA
2574,LiquidHub
2575,UnitedHealth Group
2576,Aon
2577,Snapdeal
2578,Google
2579,AXA XL
2580,WNS
2581,American Express
2582,KPMG
2583,Mercer
2584,Publicis Sapient
2585,Denave
2586,Deloitte
2587,McKinsey & Company
2588,BT
2589,Decision Point
2590,Saarthee
2591,Collegedunia
2592,IHS Markit
2593,ABC
2594,MedTourEasy
2595,b3Intelligence
2596,Fresher
2597,Fiserv
2598,DXC Technology
2599,Competent Software
2600,Freelancer
2601,Optum Global Solutions
2602,TransOrg Analytics
2603,Toluna
2604,Concentrix
2605,TO THE NEW
2606,R1 RCM
2607,EasyRewardz
2608,Better.com
2609,Times Internet
2610,McKinsey Knowledge Center
2611,Palin Analytics
2612,Nokia
2613,Encore Capital Group
2614,Nagarro
2615,Annik Technology Services
2616,QL2
2617,Infosys
2618,Dell Technologies
2619,DecisionTree Analytics & Services
2620,Polestar Solutions & Services India
2621,Gartner
2622,Home Credit India
2623,Citi
2624,Value Edge Research Services
2625,Ameriprise
2626,Teleperformance
2627,Fractal
2628,GALYTIX
2629,Team Computers
2630,Chatous
2631,CSC E-Governance Services
2632,Adglobal360
2633,BlackRock
2634,WheelsEye Technology
2635,Hive (CA)
2636,Apsidata solutions
2637,BOLD
2638,Britis Telecom
2639,Urban Company
2640,NCR
2641,PolicyBazaar
2642,Google
2643,NS Matrix Services
2644,NITS
2645,Namekart
2646,RCM Aeroservices
2647,Actiknow
2648,XYZ
2649,GALYTIX
2650,Unified Healthcare Group
2651,iEnergizer
2652,WSP
2653,Delhivery
2654,MapmyIndia
2655,Limeroad
2656,IQVIA
2657,TCS
2658,Wizikey
2659,Cvent
2660,Keysight Technologies
2661,ITC Infotech
2662,Nurtr
2663,Glorious Insights
2664,CRMnext
2665,McKinsey Knowledge Center
2666,Masthead Technologies
2667,Yatra Online Pvt Ltd
2668,Bain & Company
2669,NatWest Group
2670,Stigasoft
2671,Stanza Living
2672,Elucidata (MA)
2673,HCL
2674,Eko India Financial Services
2675,Edulyt India
2676,Moody's Analytics
2677,Vidooly Media Tech
2678,SupplyCopia
2679,United Airlines
2680,Elsevier
2681,Gauge Data Solutions
2682,Nones
2683,Peacock Solar
2684,Anonymous Content
2685,Ford Motor Company
2686,Professional
2687,NextGen Invent
2688,OYO
2689,Verificient Technologies
2690,Samsung Electronics
2691,Quess
2692,Upwork
2693,SunTec Web Services
2694,Moody's Corporation
2695,SIQES
2696,Honeywell
2697,First Student
2698,Risk Management Solutions
2699,First Student
2700,iTech Mission
2701,Microsoft
2702,Adobe
2703,McKinney and Company
2704,Freelancer
2705,Snapdeal
2706,ATS Services (India)
2707,Optum Global Solutions India
2708,Adda 247
2709,Google
2710,ShipRocket
2711,Grail Insights
2712,Wunderman Thompson
2713,Mastercard
2714,SupplyCopia
2715,Niscom Tele Infra
2716,Annalect
2717,GroupM
2718,StepOut Solutions
2719,Zomato
2720,Tata Consultancy Services
2721,Polaris FT
2722,Research & Ranking
2723,Microtek International (India)
2724,Unyscape Infocom
2725,Cians Analytics
2726,AON
2727,United Airlines
2728,Xceedance
2729,CBRE
2730,Promien Services
2731,Kantar
2732,FN MathLogic Consulting Services
2733,Maruti Suzuki
2734,Loginworks
2735,Acuity Knowledge Partners
2736,PwC
2737,Score Me
2738,FIA Technology Services
2739,Zenatix
2740,Blackcoffer
2741,Info Edge
2742,HH Global
2743,NetProphets Cyberworks
2744,Cognizant Consulting
2745,Willis Towers Watson
2746,LIN SCAN
2747,Tata Consultancy Services
2748,eClerx
2749,Accenture
2750,Morningstar
2751,Cognizant Technology Solutions
2752,Capgemini
2753,Fresher
2754,HERE Technologies
2755,J.P. Morgan
2756,Ugam
2757,Cartesian Consulting
2758,Experian
2759,Cogencis Information Services
2760,Media.net
2761,Fractal
2762,MSCI
2763,Hansa Cequity
2764,vPhrase
2765,ABC
2766,Course5 Intelligence
2767,CRG Solutions
2768,Citi
2769,Kantar
2770,Magic9 Media Analytics
2771,Travelex
2772,Propellum Infotech
2773,Deloitte
2774,TCS
2775,KPMG
2776,Development Credit Bank Limited
2777,Google
2778,Nailbiter
2779,First Student
2780,Jio
2781,GEP
2782,Decimal Point Analytics
2783,Cogencis Information Services
2784,Atos-Syntel
2785,ICICI Bank
2786,General Mills
2787,Hudl
2788,Axis Bank
2789,First Student
2790,DONE by NONE
2791,AXIS MY INDIA
2792,Piramal Enterprises
2793,HDFC Bank
2794,Tata Communications
2795,Barclays
2796,Quantafic Business Solutions
2797,EY
2798,IDFC First Bank
2799,Prudential plc
2800,FieldGlobal Market Research
2801,Anonymous Content
2802,LTI
2803,Larsen & Toubro
2804,TripStack
2805,LogisticsNow
2806,Quantiphi
2807,LogisticsNow
2808,Think Analytics
2809,cross-tab marketing services pvt.
2810,Microsoft
2811,FedEx
2812,WhiteHat Jr
2813,eSense Learning Pvt
2814,iAastha
2815,Bahar Infotech
2816,LTI
2817,Bookmyshow
2818,The Sparks Foundation
2819,SAP
2820,Viacom 18
2821,Fresher
2822,CRISIL
2823,Rein Labs
2824,Doxper
2825,CMC
2826,GreenPoint Global
2827,Experian
2828,iKen Solutions
2829,Motilal Oswal Financial Services
2830,EMPLOYERS
2831,Hotstar
2832,TWGE Solutions
2833,PwC
2834,InSync Analytics
2835,JustDial
2836,Angel One
2837,Mphasis
2838,72 Dragons
2839,Fresherworld.com
2840,Jeet Techno Solutions
2841,FedEx
2842,CitiusTech
2843,Mintifi
2844,TransUnion
2845,DXC Technology
2846,PharmEasy
2847,SMARTe
2848,RedQuanta
2849,Raam Group
2850,CloudFronts Technologies
2851,Piramal Enterprises
2852,Amazon
2853,Aditya Birla Group
2854,IIFL
2855,Brandscapes Worldwide
2856,Candere.com
2857,Virtusa
2858,OYO
2859,Nielsen
2860,peel-works
2861,QuantumLink
2862,Alpha Alternatives
2863,AIG
2864,Pragmatix
2865,Vasta Global
2866,Acuris Global
2867,Quess
2868,Credit Suisse
2869,Satori Group (India)
2870,IBM
2871,Sapio Analytics
2872,First Student
2873,Bloomberg L.P.
2874,Oceanic Pharmachem
2875,SMEcorner
2876,Reliance Industries
2877,FSN Ecommerce Ventures
2878,Unilever
2879,Microworld Technologies
2880,Xerago
2881,AGS Transact Technologies
2882,Peacock Solar
2883,Cimpress
2884,Ingenero
2885,DONE by NONE
2886,Ajay bharti
2887,Leadge Business Services
2888,LatentView Analytics
2889,Saavn
2890,Directi
2891,Tiger Analytics
2892,deepak Lalwani
2893,Airpay
2894,Rajendra Finance
2895,Dynatrace
2896,Quantum Phinance
2897,White Crow Research
2898,Generico
2899,Rajuri Steels
2900,Mahindra
2901,ANSHULTECH
2902,Data Axle
2903,Propellum Infotech
2904,Stellar Organisation
2905,RatePing Technologies
2906,L&T Technology Services
2907,Anonymous
2908,Godrej Infotech
2909,Dun & Bradstreet
2910,Sparks
2911,Novartis
2912,Navo Systems
2913,Gartner
2914,DT-Trak Consulting
2915,Agape Marketing Agency
2916,NABARD Consultancy Services
2917,niranjan shah
2918,Wellthy Therapeutics
2919,Max Fashions
2920,Schneider Electric
2921,20K Group
2922,Xtel Communications
2923,IRIS Business Services
2924,AxionConnect Infosolutions
2925,Newfold Digital
2926,NEC Software Solutions UK
2927,Collinson
2928,Blue Dart Express
2929,Nones
2930,Moneytor
2931,Fields Data
2932,Mira Knitting Works
2933,Mosaik Analytics Solutions
2934,Vamstar
2935,HDFC Securities
2936,Greenlight Planet
2937,Blue Ocean
2938,Edelweiss Tokio Life Insurance
2939,Capital One
2940,Nine A Business Connect
2941,Hans Infotech
2942,Tata Consultancy Services
2943,IBM
2944,Tata Consultancy Services
2945,LTI
2946,Accenture
2947,DXC Technology
2948,Amazon
2949,GE
2950,Fractal
2951,Quantiphi
2952,DataWeave
2953,Capgemini
2954,Infosys
2955,Target
2956,Mindtree
2957,Shell
2958,Hewlett Packard Enterprise | HPE
2959,Wipro
2960,MAERSK
2961,GE Digital
2962,Cisco Systems
2963,BRIDGEi2i
2964,Enquero
2965,Cognizant Technology Solutions
2966,Cargill
2967,Fragma Data Systems
2968,Lowe's Home Improvement
2969,Altimetrik
2970,Affine
2971,FOKAL
2972,Lumen
2973,Visa Inc.
2974,Blackbuck Insights
2975,Brillio
2976,phData
2977,Tech Mahindra
2978,Hewlett-Packard
2979,Capital One
2980,Datagrokr
2981,Mu Sigma
2982,Honeywell
2983,Walmart Global Tech
2984,Tavant
2985,Futurense Technologies
2986,The Data Team
2987,VMware
2988,Neustar
2989,Mercedes-Benz Research and Development India
2990,Société Générale
2991,ABC
2992,Wipro Technologies
2993,Intuit
2994,Walmart
2995,ITTStar Consulting
2996,Fidelity Investments
2997,Tribes.AI
2998,DONE by NONE
2999,Dell Technologies
3000,Embibe
3001,Sigmoid
3002,ANZ Bank
3003,Quotient
3004,PwC
3005,Zeotap
3006,Deloitte
3007,NTT DATA
3008,GE Aviation
3009,TheMathCompany
3010,Danske IT and Support Services
3011,IBM
3012,KPMG
3013,Indegene
3014,Pluto7
3015,ExxonMobil
3016,Autodesk
3017,NatWest Group
3018,Flipkart
3019,Tredence
3020,HP Inc.
3021,EC-Mobility
3022,ITC Infotech
3023,Landmark Group
3024,Tiger Analytics
3025,Jio
3026,Accenture
3027,Inference Labs
3028,GlaxoSmithKline
3029,Nones
3030,Novotech
3031,Legato Health Technologies
3032,SAP
3033,NIKE
3034,AffinityAnswers
3035,Ericsson IT Solutions & Services
3036,Wells Fargo
3037,Luxoft
3038,LendingKart
3039,Oracle
3040,Quaero
3041,Aptus Data Labs
3042,Virtusa
3043,Baker Hughes
3044,nference
3045,Brillo Technologies
3046,Anonymous Content
3047,GE Healthcare
3048,Ecolab Digital Center
3049,Goibibo
3050,Data Semantics
3051,DataWeave
3052,HashedIn by Deloitte
3053,Commonwealth Bank of Australia
3054,Razorthink
3055,Servian
3056,Siemens Healthineers
3057,Senvion
3058,Quantiphi
3059,MAERSK
3060,Searce
3061,Happiest Minds Technologies
3062,Nineleaps Technology Solutions
3063,Zylotech
3064,EY
3065,Koch Industries
3066,Kmart
3067,Moody's Analytics
3068,Rakuten
3069,Wissen Infotech
3070,Fabulyst
3071,Publicis Sapient
3072,Cimpress
3073,Nabler Web Solutions
3074,KreditBee
3075,BT
3076,EXL Service
3077,Gojek
3078,ConcertAI
3079,Google
3080,CrowdANALYTIX
3081,Sigmoid
3082,Optum
3083,GE
3084,Fractal
3085,Daimler
3086,GainInsights Solutions
3087,QuEST Global
3088,Oxigen
3089,ALL IT Services
3090,GrayMatter Software Services
3091,Groupon
3092,mfine
3093,Atlas Systems
3094,Yum! Brands
3095,Publicis Sapient
3096,S2T
3097,ecoInsight
3098,Photon
3099,Solera
3100,KNOEMA
3101,CTS
3102,Wobot
3103,iQuanti
3104,Epsilon
3105,Eli Lilly and Company
3106,Savit Interactive
3107,Novo Nordisk
3108,V2soft
3109,4CRisk.ai
3110,Wizely
3111,Primenumbers Technologies
3112,CGI Digital
3113,Radometech
3114,Fabulyst
3115,Hashworks
3116,Mobiotics
3117,Tata Consultancy Services
3118,Fanlytiks
3119,Online Data Entry Job
3120,Quantela
3121,Cheeburger Cheeburger
3122,PubMatic
3123,Champion InfoMetrics
3124,TCS
3125,yellow.ai
3126,KBC Professional
3127,Milaap
3128,Commvault
3129,[24]7.ai
3130,Citi
3131,Fidelity International
3132,RAJ ELECTRICAL WORK
3133,Virtual Employee
3134,Chhatrapati Shivaji International Airport
3135,NetApp
3136,Employee Solutions
3137,Amazon
3138,Okkular
3139,Relifin Technologies
3140,Logipro Software
3141,NeoGrowth Credit
3142,IBM
3143,Tata Consultancy Services
3144,LTI
3145,Accenture
3146,Datametica
3147,Teradata
3148,Innoplexus
3149,Infosys
3150,Schlumberger
3151,Bajaj Finance
3152,Cognizant Technology Solutions
3153,MAERSK
3154,Wipro Technologies
3155,Bajaj Finserv Health
3156,Cubictree Technology Solutions
3157,Clairvoyant
3158,Wipro
3159,Infostretch
3160,Barclays
3161,Bitwise
3162,Capgemini
3163,Amdocs
3164,SG Analytics
3165,Saama Technologies
3166,ThinkBumblebee Analytics
3167,Xoriant
3168,Turtlemint
3169,vCreaTek
3170,Mastercard
3171,IBM
3172,Birlasoft
3173,Softech Solutions (India)
3174,T-Systems
3175,Neal Analytics
3176,Globant
3177,Atos-Syntel
3178,Hashmap
3179,Red Hat
3180,Atlas Copco
3181,Mastercard
3182,Bitwise Solutions (India)
3183,Michelin
3184,AXA GO Business Operations
3185,NCSA Next College Student Athlete
3186,Pyxtech
3187,Tata Consultancy Services (North America)
3188,Truso (India)
3189,Sakshi Softech
3190,Centium Consulting
3191,Current
3192,Vistara
3193,XOYAL
3194,CloudCover
3195,akash jha
3196,MediaAgility
3197,UnitForce Technologies Consulting Pvt
3198,GS Lab
3199,Avanturian
3200,Synechron
3201,Avegen
3202,ZS Associates
3203,RONA
3204,FlexTrade Systems Inc.
3205,Zalando
3206,Reomnify
3207,XYZ
3208,Emerson Climate Technologies
3209,iLink-Systems
3210,TransUnion
3211,FIGmd
3212,Onit
3213,E2open
3214,Infostretch
3215,Provakil Technologies
3216,Cuelogic Technologies
3217,TCS Education
3218,Ziffytech
3219,Open Insights
3220,Rudder Analytics
3221,Verizon
3222,Appberry
3223,HSBC Software Development India
3224,DynPro
3225,R.S. Consultants
3226,TomTom
3228,Vedantu
3229,XYZ
3230,Capco
3231,UBS
3232,EarlySalary.com
3233,Tableau Software
3234,Snowflake
3235,Credit Suisse
3236,John Deere
3237,Sampoorna
3238,DivIHN Integration
3239,Ugam
3240,Dell Technologies
3241,SKY
3242,Santronix
3243,BNT SOFT
3244,Kira Systems
3245,SRI International
3246,ConsultAdd
3247,Lumiq (India)
3248,Express Analytics
3249,BlazeClan Technologies
3250,Vodafone
3251,Yash Technologies
3252,Navyug Infosolutions
3253,Anonymous
3254,HCL Technologies
3255,Mobile Premier League
3256,Dushyant Enterprises
3257,Rajeev Kaul CPA PC
3258,Evolent Health
3259,Applied AI Consulting
3260,TEKsystems
3261,NTT DATA
3262,DC
3263,Tech Mahindra
3264,InfoCepts
3265,Axis Bank
3266,Deutsche Bank
3267,Jobseeker On Board
3268,Coditation Systems
3269,HP Inc.
3270,Reflexis Systems
3271,Xstats
3272,Sears IT & Management Services India
3273,Smith & Nephew
3274,Alphonso Global Solutions
3275,Diligent
3276,6sense
3277,Saama Technologies
3278,Jio
3279,Bshshs
3280,STL - Sterlite Technologies Limited
3281,Abzooba
3282,Sears
3283,Centre for Development of Advanced Computing
3284,Databricks
3285,Datametica
3286,Tech9
3287,ITVersity
3288,Tech9
3289,Atgeir Solutions
3290,We Want Any Car
3291,Fresh Gravity
3292,LTI Senior
3293,Exadatum Big
3294,Datametica Big
3295,Tata Consultancy Services Big
3296,Amazon
3297,Tata Consultancy Services
3298,Infosys
3299,Accenture
3300,SpringML
3301,IBM
3302,Cognizant Technology Solutions
3303,Amazon
3304,DBS Bank
3305,Legato Health Technologies
3306,Enquero
3307,Capgemini
3308,UnitedHealth Group
3309,GGK Tech
3310,GATHI ANALYTICS
3311,LTI
3312,Novartis
3313,Wipro Technologies
3314,Dun & Bradstreet
3315,Virtusa
3316,Deloitte
3317,Innominds Software
3318,RoundSqr
3319,ADP
3320,Fanatics
3321,Optum
3322,SureIT Solutions
3323,Micron Technology
3324,Nisum
3325,ACS Solutions
3326,Nones
3327,Infor
3328,Wipro
3329,J.P. Morgan
3330,S&P Global
3331,HSBC Software Development India
3332,TTEC
3333,MarketLinc
3334,Genpact
3335,Mindtree
3336,Attra
3337,Optum Global Solutions
3338,HCL Technologies
3339,Tech Mahindra
3340,MAQ Software
3341,Predera
3342,HealthPointe Solutions
3343,Art IT
3344,IKEA
3345,Larsen & Toubro
3346,Jotter
3347,Activa (CA)
3348,Reputation
3349,People Tech Group
3350,5x
3351,Electronic Arts
3352,IBM
3353,Birlasoft
3354,Mu Sigma
3355,Alliance Healthcare
3356,RAACOM Infosystems
3357,BA Continuum India
3358,BookMeds
3359,PurpleTalk
3360,ACD Communications
3361,Techolution
3362,DXC Technology
3363,Wehner Multifamily
3364,Google Summer of Code
3365,archents
3366,Wall & Associates
3367,DU
3368,Xyenta
3369,FTD
3370,Systech International
3371,Kagool
3372,Aeries Technology
3373,Hexaware Technologies
3374,SID Computer Group
3375,Klaxon India Private Limited
3376,Diagonal Software
3377,Tech Data
3378,Verizon
3379,KOGENTiX
3380,Mantra Technologies (India)
3381,Microsoft
3382,ZSoft Technology Service
3383,Kantar (Worldpanel Division)
3384,PwC
3385,Freemans Grattan Holdings
3386,Wells Fargo
3387,Franklin Templeton Investments
3388,Altimetrik
3389,Bullhorn
3390,Kantar
3391,DataFactZ
3392,Zenoti
3393,Tableau Software
3394,Zen3 Info Solutions
3395,UXLI
3396,Computer Generated Solutions
3397,Dell Technologies
3398,GSPANN Technologies
3399,Gap
3400,Technovert
3401,Aptus Data Labs
3402,Procter & Gamble
3403,Amnet Digital
3404,DataKare Solutions
3405,2COMS
3406,Wipro
3407,Cognizant Technology Solutions
3408,EPAM
3409,Indium Software
3410,Gap Inc.
3411,ICICI Bank
3412,Agile CRM
3413,Siddharth Technologies
3414,infrasoft technologies
3415,Collins Aerospace
3416,TEKsystems
3417,NTT DATA
3418,Aspion Technologies
3419,Cognizant Technology Solutions
3420,XYZ (Turkey)
3421,WE 4 IT Services
3422,ProArch
3423,Google
3424,PepsiCo
3425,Novartis
3426,University of Hyderabad
3427,rvdfgdfvd
3428,IdeaSpark
3429,ITC Infotech
3430,CGI
3431,Persistent Systems
3432,PrimEra Medical Technologies
3433,BizViz Technologies
3434,Croyant Software Technologies
3435,Tata Consultancy Services
3436,Tiger Analytics
3437,Ramesh Tondon
3438,Neudesic
3439,AROHA TECHNOLOGIES
3440,Zen3 Infosolutions
3441,Gramener
3442,ServiceNow
3443,Google
3444,HSB Group
3445,Joany
3446,SAAS Staffing Solutions
3447,Apple
3448,Salesforce
3449,CoreCompete
3450,Dataflix
3451,Avnitr
3452,Codecsoft IT Services
3453,Byteridge Software
3454,Landmark IT Solutions
3455,DBS Asia Hub 2
3456,IBM
3457,PayPal
3458,Tata Consultancy Services
3459,IBM
3460,dunnhumby
3461,Amazon
3462,LTI
3463,Paytm
3464,Genpact
3465,NCR
3466,Decision Point
3467,Coforge
3468,Lumiq (India)
3469,Fractal
3470,NatWest Group
3471,Ameriprise
3472,Intelegencia
3473,MakeMyTrip
3474,Capgemini
3475,Innovaccer
3476,nThrive
3477,OYO
3478,Nokia
3479,Elucidata (MA)
3480,Mastercard
3481,EXL Service
3482,Optum
3483,Nagarro
3484,UnitedHealth Group
3485,ZS Associates
3486,Skuad
3487,ABC
3488,Webhelp
3489,Atlan
3490,Lumen
3491,Zomato
3492,Optum Global Solutions
3493,Octro
3494,MapmyIndia
3495,Fidelity Investments
3496,IHS Markit
3497,Evalueserve
3498,Tokopedia
3499,Freelancer
3500,Axtria
3501,TO THE NEW
3502,Q3 Technologies
3503,Urban Company
3504,Maven Wave Partners
3505,HCL Technologies
3506,Accenture
3507,Tech Mahindra
3508,Cognizant Technology Solutions
3509,Google
3510,Confidential
3511,Guardian Life
3512,Busigence Technologies
3513,Inference Labs
3514,Tata Consultancy Services (North America)
3515,Ankaha
3516,Innovaccer
3517,Delhivery
3518,CTU
3519,MediaAgility
3520,CloudPrisma
3521,Bank of America
3522,Adglobal360
3523,PYRO
3524,Hexaware Technologies
3525,Advanced Infrastructure Engineering
3526,Gartner
3527,LUMIQ
3528,i2e Consulting
3529,AI Touch
3530,S&P Global
3531,Valiance Solutions
3532,Unified Healthcare Group
3533,MedTourEasy
3534,Rahul Infotech
3535,American Management Association
3536,PwC
3537,Ericsson IT Solutions & Services
3538,Faintel
3539,Essentia SoftServ
3540,Concirrus
3541,Software Data (India)
3542,naidu
3543,Atlan
3544,Capgemini Invent
3545,Marks & Spencer
3546,ParallelDots
3547,Josh Technology Group
3548,Team Computers
3549,OLX Group
3550,Baker Hughes
3551,Deloitte
3552,Incubit
3553,Saurav pandey
3554,McKinsey Knowledge Center
3555,Anonymous Content
3556,RiM LaS
3557,Waqar Ahmed
3558,STMicroelectronics
3559,PeopleStrong Technologies
3560,Snapdeal
3561,MothersonSumi INfotech and Designs
3562,Bäckerei-Conditorei Fleischli
3563,Impressico Business Solutions
3564,Connaizen Software
3565,Olcademy
3566,NLB Services
3567,HT Media
3568,RedCarpet
3569,Chandigarh Group
3570,Bobble Keyboard
3571,Beam Suntory
3572,Super Highway Labs
3573,Yogesh Chandra Pant
3574,GNA Serveis Telemàtics
3575,ASSAD
3576,American Express
3577,ABC Supply Co.
3578,DXC Technology
3579,Analytics Vidhya
3580,Konkasoft
3581,Unifytech
3582,J.P. Morgan
3583,EY
3584,Boston Scientific
3585,Tech Data
3586,Gemini Solutions
3587,Sharda University
3588,FDS
3589,Gemini Solutions
3590,Fresherworld.com
3591,hvjhv
3592,PlaySimple Games
3593,Goals101
3594,Wipro Digital
3595,Dell Technologies
3596,Atos-Syntel
3597,Datopic
3598,Publicis Sapient
3599,Adobe
3600,Anonymous
3601,Dew Solutions
3602,Xceedance
3603,LinkedIn
3604,Prateek Mishra
3605,DAAS Labs
3606,IFI Techsolutions
3607,TEKsystems
3608,Flipkart
3609,Northcorp Software
3610,None of Your Business Boutique
3611,Asian Oilfield Services
3612,HARMAN
3613,Sama Technology
3614,Srijan Technologies
3615,IndiaLends
3616,Diverse Lynx
3617,Rackspace Technology
3618,Metaswitch
3619,Absolutdata
3620,Coforge Senior
3621,Quantiphi
3622,LTI
3623,Tata Consultancy Services
3624,Jio
3625,Fractal
3626,Accenture
3627,Mactores
3628,Capgemini
3629,Deloitte
3630,IBM
3631,Exponentia DataLabs
3632,Reliance Industries
3633,Morgan Stanley
3634,Bank of America
3635,TCS
3636,PwC
3637,GEP
3638,Lumiq (India)
3639,IFI Techsolutions
3640,Fresher
3641,Quantiphi
3642,Testbook.com
3643,General Mills
3644,Goldman Sachs
3645,PayU
3646,Fractal
3647,Tata Consultancy Services (North America)
3648,TCG DIGITAL
3649,Enovate Skill
3650,DAT Engineering
3651,Team Computers
3652,Fundnel
3653,Mactores
3654,Advisory Board
3655,NGDATA
3656,Colgate-Palmolive
3657,AmyGB
3658,Sunrise Senior Living
3659,Cogoport
3660,Cipla
3661,Quantiphi
3662,Tata Consultancy Services
3663,Christian College of Engineering & Technology (CCET)
3664,Course5 Intelligence
3665,TDL
3666,TeamLease Staffing Solutions
3667,Tata Consultancy Services
3668,Quantiply
3669,ICS Consultancy
3670,MAERSK
3671,Larvol Group
3672,American Automobile Association (AAA)
3673,Jost Hurler
3674,Vistaar Technologies
3675,i2e Consulting
3676,Bank of America Merrill Lynch
3677,B&B Analytics
3678,Cuelogic Technologies
3679,Netcore Solutions
3680,CitiusTech
3681,Algo Engines
3682,Quantcast
3683,PharmEasy
3684,Bajaj Finance
3685,ZEE5
3686,Naerial Consultancy
3687,Purplle.com
3688,Oneture Technologies
3689,Larsen and toubro e engineering solutions
3690,Liases Foras
3691,Bookmyshow
3692,Challenger Technologies
3693,At
3694,Kutumbh Care
3695,Morgan Stanley
3696,Daten & Wissen
3697,Ascent Health & Wellness Solutions
3698,Edwards Lifesciences
3699,Ugam
3700,Exeliq Consulting
3701,ANB Systems
3702,Veritas Collaborative
3703,Celebal Technologies
3704,TCG Digital
3705,Danpal
3706,iPredictt Data Science Labs
3707,FRA
3708,HHH
3709,Javis
3710,AthenasOwl
3711,HCL Technologies
3712,Directi
3713,Course5 Intelligence
3714,ICICI Bank
3715,Ingram Micro
3716,Aays Analytics
3717,Priceline.com
3718,KIT
3719,Bizongo
3720,Bewakoof Brands
3721,Nikhil Analytics
3722,Collinson
3723,EC-Mobility
3724,Simple Logic IT
3725,Muoro
3726,Kiara Automotora
3727,Seernet Technologies
3728,Axis Bank
3729,The Jaypee Group
3730,PayNearby
3731,Anand Rathi
3732,Google
3733,Joulon
3734,Numer8
3735,Digihealth
3736,Nomura Holdings
3737,Episource
3738,Teradata
3739,Endurance International Group
3740,Craftsvilla.com
3741,Optum
3742,Dream11
3743,Quantiphi Senior
3744,LTI Senior
3745,Fractal Senior
3746,Fractal Big
3747,Tata Consultancy Services Big
3748,Quantiphi
3749,Tata Consultancy Services
3750,Accenture
3751,Amazon
3752,Intel Corporation
3753,First Student
3754,Google
3755,Ignitarium Technology Solutions
3756,Infosys
